key,self_refs,total_refs
CIDR_17_001,3,26
CIDR_17_002,4,35
CIDR_17_003,11,41
CIDR_17_004,1,26
CIDR_17_005,12,23
CIDR_17_006,2,35
CIDR_17_007,11,36
CIDR_17_008,7,51
CIDR_17_009,9,31
CIDR_17_010,3,18
CIDR_17_011,16,54
CIDR_17_012,10,71
CIDR_17_013,9,26
CIDR_17_014,4,64
CIDR_17_015,8,45
CIDR_17_016,7,63
CIDR_17_017,1,38
CIDR_17_018,1,20
CIDR_17_019,3,15
CIDR_17_020,1,8
CIDR_17_021,6,79
CIDR_17_022,2,23
CIDR_17_023,6,61
CIDR_17_024,3,37
CIDR_17_025,3,53
CIDR_17_026,3,22
CIDR_17_027,3,37
CIDR_17_028,5,19
CIDR_17_029,1,52
CIDR_17_030,2,26
CIDR_17_031,2,34
CIDR_17_032,3,16
PPoPP_17_001,1,41
PPoPP_17_002,8,72
PPoPP_17_003,10,35
PPoPP_17_004,12,38
PPoPP_17_005,5,42
PPoPP_17_006,0,36
PPoPP_17_007,3,51
PPoPP_17_008,6,24
PPoPP_17_009,9,30
PPoPP_17_010,4,37
PPoPP_17_011,7,37
PPoPP_17_012,3,43
PPoPP_17_013,5,33
PPoPP_17_014,11,32
PPoPP_17_015,5,61
PPoPP_17_016,3,33
PPoPP_17_017,4,18
PPoPP_17_018,9,57
PPoPP_17_019,2,26
PPoPP_17_020,7,36
PPoPP_17_021,3,26
PPoPP_17_022,4,45
PPoPP_17_023,11,71
PPoPP_17_024,17,40
PPoPP_17_025,10,72
PPoPP_17_026,4,27
PPoPP_17_027,0,49
PPoPP_17_028,6,35
PPoPP_17_029,5,48
HPCA_17_001,11,37
HPCA_17_002,2,52
HPCA_17_003,2,38
HPCA_17_004,5,56
HPCA_17_005,6,40
HPCA_17_006,5,48
HPCA_17_007,4,45
HPCA_17_008,3,41
HPCA_17_009,2,71
HPCA_17_010,4,26
HPCA_17_011,5,25
HPCA_17_012,0,39
HPCA_17_013,1,51
HPCA_17_014,7,56
HPCA_17_015,2,23
HPCA_17_016,17,106
HPCA_17_017,0,36
HPCA_17_018,1,53
HPCA_17_019,10,63
HPCA_17_020,11,49
HPCA_17_021,5,23
HPCA_17_022,0,33
HPCA_17_023,6,32
HPCA_17_024,4,37
HPCA_17_025,1,44
HPCA_17_026,2,37
HPCA_17_027,4,47
HPCA_17_028,12,38
HPCA_17_029,5,31
HPCA_17_030,3,56
HPCA_17_031,4,48
HPCA_17_032,5,32
HPCA_17_033,4,29
HPCA_17_034,8,54
HPCA_17_035,3,46
HPCA_17_036,1,32
HPCA_17_037,3,25
HPCA_17_038,3,50
HPCA_17_039,9,48
HPCA_17_040,8,50
HPCA_17_041,4,68
HPCA_17_042,8,30
HPCA_17_043,1,46
HPCA_17_044,7,47
HPCA_17_045,6,38
HPCA_17_046,9,34
HPCA_17_047,8,49
HPCA_17_048,0,75
HPCA_17_049,4,46
HPCA_17_050,7,46
NDSS_17_001,0,22
NDSS_17_002,3,25
NDSS_17_003,1,56
NDSS_17_004,1,62
NDSS_17_005,4,64
NDSS_17_006,5,46
NDSS_17_007,6,75
NDSS_17_008,2,50
NDSS_17_009,8,38
NDSS_17_010,3,39
NDSS_17_011,7,49
NDSS_17_012,1,46
NDSS_17_013,4,34
NDSS_17_014,2,27
NDSS_17_015,0,45
NDSS_17_016,8,53
NDSS_17_017,0,42
NDSS_17_018,0,35
NDSS_17_019,4,55
NDSS_17_020,3,43
NDSS_17_021,1,67
NDSS_17_022,1,37
NDSS_17_023,4,43
NDSS_17_024,5,71
NDSS_17_025,1,44
NDSS_17_026,1,25
NDSS_17_027,7,61
NDSS_17_028,0,39
NDSS_17_029,13,73
NDSS_17_030,9,56
NDSS_17_031,1,31
NDSS_17_032,4,53
NDSS_17_033,8,29
NDSS_17_034,2,36
NDSS_17_035,6,50
NDSS_17_036,13,72
NDSS_17_037,4,57
NDSS_17_038,2,68
NDSS_17_039,9,29
NDSS_17_040,4,56
NDSS_17_041,0,51
NDSS_17_042,7,46
NDSS_17_043,1,24
NDSS_17_044,6,58
NDSS_17_045,2,57
NDSS_17_046,1,45
NDSS_17_047,3,50
NDSS_17_048,11,37
NDSS_17_049,3,34
NDSS_17_050,9,66
NDSS_17_051,11,66
NDSS_17_052,3,57
NDSS_17_053,11,58
NDSS_17_054,4,56
NDSS_17_055,8,55
NDSS_17_056,23,74
NDSS_17_057,9,57
NDSS_17_058,2,83
NDSS_17_059,0,30
NDSS_17_060,8,67
NDSS_17_061,3,52
NDSS_17_062,17,64
NDSS_17_063,10,44
NDSS_17_064,3,31
NDSS_17_065,4,52
NDSS_17_066,5,74
NDSS_17_067,1,35
NDSS_17_068,3,29
FAST_17_001,3,24
FAST_17_002,6,50
FAST_17_003,7,29
FAST_17_004,3,28
FAST_17_005,5,46
FAST_17_006,6,45
FAST_17_007,2,78
FAST_17_008,6,62
FAST_17_009,3,18
FAST_17_010,3,30
FAST_17_011,11,101
FAST_17_012,2,36
FAST_17_013,8,57
FAST_17_014,1,65
FAST_17_015,3,57
FAST_17_016,0,47
FAST_17_017,4,46
FAST_17_018,5,28
FAST_17_019,0,37
FAST_17_020,4,63
FAST_17_021,6,46
FAST_17_022,0,25
FAST_17_023,6,48
FAST_17_024,2,44
FAST_17_025,6,46
FAST_17_026,4,80
FAST_17_027,6,54
NSDI_17_001,0,23
NSDI_17_002,2,74
NSDI_17_003,4,42
NSDI_17_004,1,47
NSDI_17_005,7,39
NSDI_17_006,7,48
NSDI_17_007,3,52
NSDI_17_008,8,63
NSDI_17_009,9,48
NSDI_17_010,5,69
NSDI_17_011,1,38
NSDI_17_012,5,63
NSDI_17_013,2,30
NSDI_17_014,8,51
NSDI_17_015,5,126
NSDI_17_016,1,27
NSDI_17_017,2,65
NSDI_17_018,2,40
NSDI_17_019,3,28
NSDI_17_020,1,52
NSDI_17_021,0,32
NSDI_17_022,6,89
NSDI_17_023,10,44
NSDI_17_024,3,32
NSDI_17_025,2,43
NSDI_17_026,5,54
NSDI_17_027,14,65
NSDI_17_028,5,45
NSDI_17_029,6,81
NSDI_17_030,1,48
NSDI_17_031,3,60
NSDI_17_032,3,49
NSDI_17_033,12,56
NSDI_17_034,8,44
NSDI_17_035,6,65
NSDI_17_036,6,84
NSDI_17_037,8,79
NSDI_17_038,10,47
NSDI_17_039,12,35
NSDI_17_040,3,60
NSDI_17_041,12,63
NSDI_17_042,0,59
ASPLOS_17_001,4,49
ASPLOS_17_002,10,54
ASPLOS_17_003,4,27
ASPLOS_17_004,3,50
ASPLOS_17_005,11,59
ASPLOS_17_006,4,55
ASPLOS_17_007,5,45
ASPLOS_17_008,11,51
ASPLOS_17_009,7,57
ASPLOS_17_010,3,43
ASPLOS_17_011,13,64
ASPLOS_17_012,9,33
ASPLOS_17_013,2,70
ASPLOS_17_014,1,18
ASPLOS_17_015,4,63
ASPLOS_17_016,3,33
ASPLOS_17_017,7,51
ASPLOS_17_018,1,16
ASPLOS_17_019,3,55
ASPLOS_17_020,3,32
ASPLOS_17_021,12,53
ASPLOS_17_022,5,46
ASPLOS_17_023,15,58
ASPLOS_17_024,4,76
ASPLOS_17_025,3,22
ASPLOS_17_026,3,31
ASPLOS_17_027,11,102
ASPLOS_17_028,9,46
ASPLOS_17_029,2,67
ASPLOS_17_030,12,50
ASPLOS_17_031,13,119
ASPLOS_17_032,11,89
ASPLOS_17_033,4,41
ASPLOS_17_034,7,31
ASPLOS_17_035,15,64
ASPLOS_17_036,2,33
ASPLOS_17_037,2,34
ASPLOS_17_038,9,43
ASPLOS_17_039,5,42
ASPLOS_17_040,1,53
ASPLOS_17_041,11,84
ASPLOS_17_042,15,58
ASPLOS_17_043,5,44
ASPLOS_17_044,5,75
ASPLOS_17_045,2,38
ASPLOS_17_046,13,50
ASPLOS_17_047,1,52
ASPLOS_17_048,6,48
ASPLOS_17_049,10,38
ASPLOS_17_050,11,38
ASPLOS_17_051,6,47
ASPLOS_17_052,10,36
ASPLOS_17_053,2,59
ASPLOS_17_054,2,49
ASPLOS_17_055,0,37
ASPLOS_17_056,3,60
VEE_17_001,0,47
VEE_17_002,3,57
VEE_17_003,2,44
VEE_17_004,3,39
VEE_17_005,6,24
VEE_17_006,3,39
VEE_17_007,5,33
VEE_17_008,7,102
VEE_17_009,6,61
VEE_17_010,0,29
VEE_17_011,3,45
VEE_17_012,5,43
VEE_17_013,1,42
VEE_17_014,2,44
VEE_17_015,1,60
VEE_17_016,4,61
VEE_17_017,9,36
VEE_17_018,1,34
ICPE_17_001,2,8
ICPE_17_002,5,23
ICPE_17_003,5,27
ICPE_17_004,4,21
ICPE_17_005,6,37
ICPE_17_006,4,36
ICPE_17_007,8,44
ICPE_17_008,4,28
ICPE_17_009,3,19
ICPE_17_010,1,15
ICPE_17_011,3,26
ICPE_17_012,2,17
ICPE_17_013,3,10
ICPE_17_014,4,20
ICPE_17_015,0,14
ICPE_17_016,0,28
ICPE_17_017,2,26
ICPE_17_018,2,26
ICPE_17_019,1,27
ICPE_17_020,1,17
ICPE_17_021,3,34
ICPE_17_022,2,41
ICPE_17_023,1,14
ICPE_17_024,0,28
ICPE_17_025,1,10
ICPE_17_026,2,23
ICPE_17_027,1,27
ICPE_17_028,0,29
ICPE_17_029,3,36
ISPASS_17_001,0,56
ISPASS_17_002,1,27
ISPASS_17_003,6,29
ISPASS_17_004,3,19
ISPASS_17_005,9,51
ISPASS_17_006,2,36
ISPASS_17_007,3,37
ISPASS_17_008,4,34
ISPASS_17_009,8,43
ISPASS_17_010,1,21
ISPASS_17_011,4,30
ISPASS_17_012,1,24
ISPASS_17_013,2,21
ISPASS_17_014,3,34
ISPASS_17_015,1,28
ISPASS_17_016,6,24
ISPASS_17_017,4,44
ISPASS_17_018,7,37
ISPASS_17_019,0,37
ISPASS_17_020,7,53
ISPASS_17_021,0,22
ISPASS_17_022,7,33
ISPASS_17_023,6,30
ISPASS_17_024,0,32
EuroSys_17_001,2,35
EuroSys_17_002,6,46
EuroSys_17_003,8,77
EuroSys_17_004,1,32
EuroSys_17_005,4,32
EuroSys_17_006,5,39
EuroSys_17_007,11,58
EuroSys_17_008,6,33
EuroSys_17_009,1,26
EuroSys_17_010,3,44
EuroSys_17_011,10,95
EuroSys_17_012,1,53
EuroSys_17_013,7,35
EuroSys_17_014,3,24
EuroSys_17_015,6,67
EuroSys_17_016,4,84
EuroSys_17_017,1,43
EuroSys_17_018,6,76
EuroSys_17_019,0,55
EuroSys_17_020,2,45
EuroSys_17_021,2,67
EuroSys_17_022,4,63
EuroSys_17_023,3,44
EuroSys_17_024,13,72
EuroSys_17_025,0,11
EuroSys_17_026,2,61
EuroSys_17_027,2,30
EuroSys_17_028,0,29
EuroSys_17_029,7,50
EuroSys_17_030,1,54
EuroSys_17_031,9,53
EuroSys_17_032,9,51
EuroSys_17_033,13,76
EuroSys_17_034,7,48
EuroSys_17_035,10,53
EuroSys_17_036,6,36
EuroSys_17_037,10,126
EuroSys_17_038,10,74
EuroSys_17_039,6,65
EuroSys_17_040,3,34
EuroSys_17_041,7,53
HotOS_17_001,1,46
HotOS_17_002,2,23
HotOS_17_003,2,30
HotOS_17_004,1,26
HotOS_17_005,6,56
HotOS_17_006,2,21
HotOS_17_007,2,29
HotOS_17_008,4,31
HotOS_17_009,5,83
HotOS_17_010,7,48
HotOS_17_011,0,48
HotOS_17_012,5,65
HotOS_17_013,3,51
HotOS_17_014,3,45
HotOS_17_015,3,26
HotOS_17_016,5,31
HotOS_17_017,1,45
HotOS_17_018,4,36
HotOS_17_019,6,29
HotOS_17_020,3,12
HotOS_17_021,6,41
HotOS_17_022,3,11
HotOS_17_023,6,37
HotOS_17_024,1,26
HotOS_17_025,1,21
HotOS_17_026,1,69
HotOS_17_027,4,60
HotOS_17_028,2,21
HotOS_17_029,2,41
CCGrid_17_001,7,26
CCGrid_17_002,1,22
CCGrid_17_003,4,16
CCGrid_17_004,9,28
CCGrid_17_005,0,22
CCGrid_17_006,0,7
CCGrid_17_007,3,19
CCGrid_17_008,1,18
CCGrid_17_009,1,22
CCGrid_17_010,6,35
CCGrid_17_011,5,26
CCGrid_17_012,3,58
CCGrid_17_013,6,40
CCGrid_17_014,1,24
CCGrid_17_015,7,17
CCGrid_17_016,1,26
CCGrid_17_017,0,29
CCGrid_17_018,7,21
CCGrid_17_019,4,47
CCGrid_17_020,4,14
CCGrid_17_021,2,21
CCGrid_17_022,0,20
CCGrid_17_023,4,22
CCGrid_17_024,1,25
CCGrid_17_025,9,26
CCGrid_17_026,1,26
CCGrid_17_027,1,21
CCGrid_17_028,5,22
CCGrid_17_029,10,46
CCGrid_17_030,7,26
CCGrid_17_031,3,10
CCGrid_17_032,0,19
CCGrid_17_033,4,24
CCGrid_17_034,0,17
CCGrid_17_035,1,40
CCGrid_17_036,6,37
CCGrid_17_037,1,26
CCGrid_17_038,0,10
CCGrid_17_039,3,28
CCGrid_17_040,3,36
CCGrid_17_041,0,13
CCGrid_17_042,4,31
CCGrid_17_043,5,12
CCGrid_17_044,0,19
CCGrid_17_045,4,29
CCGrid_17_046,1,25
CCGrid_17_047,5,25
CCGrid_17_048,4,19
CCGrid_17_049,5,31
CCGrid_17_050,0,30
CCGrid_17_051,0,18
CCGrid_17_052,0,25
CCGrid_17_053,2,52
CCGrid_17_054,6,23
CCGrid_17_055,3,22
CCGrid_17_056,1,31
CCGrid_17_057,0,28
CCGrid_17_058,6,25
CCGrid_17_059,4,22
CCGrid_17_060,0,14
CCGrid_17_061,0,30
CCGrid_17_062,1,20
CCGrid_17_063,3,30
CCGrid_17_064,2,34
CCGrid_17_065,2,28
CCGrid_17_066,4,36
CCGrid_17_067,5,45
CCGrid_17_068,0,19
CCGrid_17_069,5,36
CCGrid_17_070,3,39
CCGrid_17_071,3,18
CCGrid_17_072,4,26
SIGMOD_17_001,0,42
SIGMOD_17_002,3,50
SIGMOD_17_003,1,22
SIGMOD_17_004,4,35
SIGMOD_17_005,2,28
SIGMOD_17_006,2,29
SIGMOD_17_007,6,94
SIGMOD_17_008,12,28
SIGMOD_17_009,3,30
SIGMOD_17_010,3,82
SIGMOD_17_011,2,28
SIGMOD_17_012,2,54
SIGMOD_17_013,7,44
SIGMOD_17_014,4,29
SIGMOD_17_015,12,49
SIGMOD_17_016,1,36
SIGMOD_17_017,3,39
SIGMOD_17_018,0,21
SIGMOD_17_019,3,47
SIGMOD_17_020,3,69
SIGMOD_17_021,4,40
SIGMOD_17_022,11,41
SIGMOD_17_023,0,42
SIGMOD_17_024,9,52
SIGMOD_17_025,4,65
SIGMOD_17_026,5,44
SIGMOD_17_027,4,28
SIGMOD_17_028,10,41
SIGMOD_17_029,3,38
SIGMOD_17_030,0,45
SIGMOD_17_031,4,49
SIGMOD_17_032,7,52
SIGMOD_17_033,4,43
SIGMOD_17_034,4,41
SIGMOD_17_035,3,45
SIGMOD_17_036,5,43
SIGMOD_17_037,5,37
SIGMOD_17_038,0,38
SIGMOD_17_039,2,34
SIGMOD_17_040,6,35
SIGMOD_17_041,12,61
SIGMOD_17_042,8,50
SIGMOD_17_043,3,35
SIGMOD_17_044,5,43
SIGMOD_17_045,2,34
SIGMOD_17_046,2,43
SIGMOD_17_047,0,35
SIGMOD_17_048,3,44
SIGMOD_17_049,10,40
SIGMOD_17_050,5,48
SIGMOD_17_051,3,58
SIGMOD_17_052,16,82
SIGMOD_17_053,1,40
SIGMOD_17_054,0,67
SIGMOD_17_055,7,73
SIGMOD_17_056,4,34
SIGMOD_17_057,2,75
SIGMOD_17_058,2,37
SIGMOD_17_059,14,54
SIGMOD_17_060,7,44
SIGMOD_17_061,7,34
SIGMOD_17_062,0,37
SIGMOD_17_063,6,30
SIGMOD_17_064,4,35
SIGMOD_17_065,4,48
SIGMOD_17_066,0,39
SIGMOD_17_067,2,31
SIGMOD_17_068,2,65
SIGMOD_17_069,2,40
SIGMOD_17_070,2,59
SIGMOD_17_071,2,30
SIGMOD_17_072,5,51
SIGMOD_17_073,6,45
SIGMOD_17_074,1,60
SIGMOD_17_075,23,70
SIGMOD_17_076,5,62
SIGMOD_17_077,5,36
SIGMOD_17_078,3,37
SIGMOD_17_079,2,25
SIGMOD_17_080,5,57
SIGMOD_17_081,2,24
SIGMOD_17_082,2,41
SIGMOD_17_083,4,36
SIGMOD_17_084,4,48
SIGMOD_17_085,3,18
SIGMOD_17_086,4,38
SIGMOD_17_087,1,38
SIGMOD_17_088,10,89
SIGMOD_17_089,1,23
SIGMOD_17_090,4,86
SIGMOD_17_091,1,60
SIGMOD_17_092,1,24
SIGMOD_17_093,2,35
SIGMOD_17_094,7,49
SIGMOD_17_095,4,52
SIGMOD_17_096,5,33
PODS_17_001,4,35
PODS_17_002,5,16
PODS_17_003,1,39
PODS_17_004,1,44
PODS_17_005,12,62
PODS_17_006,3,29
PODS_17_007,3,30
PODS_17_008,7,56
PODS_17_009,9,40
PODS_17_010,4,37
PODS_17_011,8,31
PODS_17_012,13,50
PODS_17_013,6,39
PODS_17_014,4,36
PODS_17_015,6,37
PODS_17_016,4,52
PODS_17_017,6,40
PODS_17_018,1,29
PODS_17_019,3,36
PODS_17_020,3,24
PODS_17_021,7,38
PODS_17_022,6,42
PODS_17_023,16,54
PODS_17_024,2,49
PODS_17_025,5,48
PODS_17_026,3,14
PODS_17_027,6,37
PODS_17_028,2,33
PODS_17_029,8,36
SYSTOR_17_001,7,18
SYSTOR_17_002,4,50
SYSTOR_17_003,6,28
SYSTOR_17_004,4,20
SYSTOR_17_005,2,34
SYSTOR_17_006,1,14
SYSTOR_17_007,4,24
SYSTOR_17_008,7,83
SYSTOR_17_009,1,57
SYSTOR_17_010,1,31
SYSTOR_17_011,1,54
SYSTOR_17_012,0,21
SYSTOR_17_013,2,39
SYSTOR_17_014,1,56
SYSTOR_17_015,1,56
SYSTOR_17_016,4,33
HCW_17_001,5,19
HCW_17_002,1,44
HCW_17_003,2,30
HCW_17_004,3,27
HCW_17_005,9,30
HCW_17_006,1,30
HCW_17_007,0,29
IPDPS_17_001,4,26
IPDPS_17_002,2,19
IPDPS_17_003,5,25
IPDPS_17_004,0,31
IPDPS_17_005,9,29
IPDPS_17_006,3,31
IPDPS_17_007,11,38
IPDPS_17_008,0,17
IPDPS_17_009,1,27
IPDPS_17_010,0,31
IPDPS_17_011,4,32
IPDPS_17_012,19,46
IPDPS_17_013,0,27
IPDPS_17_014,0,31
IPDPS_17_015,11,31
IPDPS_17_016,11,43
IPDPS_17_017,1,19
IPDPS_17_018,2,21
IPDPS_17_019,1,12
IPDPS_17_020,4,21
IPDPS_17_021,4,22
IPDPS_17_022,11,31
IPDPS_17_023,1,37
IPDPS_17_024,8,23
IPDPS_17_025,2,23
IPDPS_17_026,1,34
IPDPS_17_027,7,26
IPDPS_17_028,12,38
IPDPS_17_029,2,48
IPDPS_17_030,3,20
IPDPS_17_031,2,39
IPDPS_17_032,3,33
IPDPS_17_033,1,16
IPDPS_17_034,4,32
IPDPS_17_035,0,14
IPDPS_17_036,3,23
IPDPS_17_037,4,27
IPDPS_17_038,2,20
IPDPS_17_039,2,31
IPDPS_17_040,5,26
IPDPS_17_041,3,34
IPDPS_17_042,7,28
IPDPS_17_043,2,16
IPDPS_17_044,5,21
IPDPS_17_045,0,18
IPDPS_17_046,9,27
IPDPS_17_047,2,21
IPDPS_17_048,3,27
IPDPS_17_049,5,27
IPDPS_17_050,0,13
IPDPS_17_051,3,20
IPDPS_17_052,1,50
IPDPS_17_053,4,37
IPDPS_17_054,3,31
IPDPS_17_055,8,21
IPDPS_17_056,2,33
IPDPS_17_057,9,35
IPDPS_17_058,14,28
IPDPS_17_059,0,30
IPDPS_17_060,8,37
IPDPS_17_061,6,27
IPDPS_17_062,1,28
IPDPS_17_063,1,28
IPDPS_17_064,3,36
IPDPS_17_065,5,26
IPDPS_17_066,15,31
IPDPS_17_067,2,25
IPDPS_17_068,6,20
IPDPS_17_069,0,19
IPDPS_17_070,4,24
IPDPS_17_071,12,30
IPDPS_17_072,1,25
IPDPS_17_073,2,24
IPDPS_17_074,3,25
IPDPS_17_075,3,13
IPDPS_17_076,2,18
IPDPS_17_077,3,16
IPDPS_17_078,3,33
IPDPS_17_079,2,24
IPDPS_17_080,7,14
IPDPS_17_081,5,40
IPDPS_17_082,6,29
IPDPS_17_083,7,45
IPDPS_17_084,2,21
IPDPS_17_085,2,16
IPDPS_17_086,6,23
IPDPS_17_087,6,37
IPDPS_17_088,5,43
IPDPS_17_089,1,21
IPDPS_17_090,0,29
IPDPS_17_091,1,17
IPDPS_17_092,7,27
IPDPS_17_093,4,35
IPDPS_17_094,10,34
IPDPS_17_095,8,35
IPDPS_17_096,9,32
IPDPS_17_097,1,25
IPDPS_17_098,3,28
IPDPS_17_099,3,18
IPDPS_17_100,4,24
IPDPS_17_101,1,36
IPDPS_17_102,0,14
IPDPS_17_103,8,34
IPDPS_17_104,6,28
IPDPS_17_105,3,36
IPDPS_17_106,4,27
IPDPS_17_107,2,20
IPDPS_17_108,7,31
IPDPS_17_109,6,40
IPDPS_17_110,2,25
IPDPS_17_111,3,18
IPDPS_17_112,8,23
IPDPS_17_113,8,34
IPDPS_17_114,5,29
IPDPS_17_115,4,34
IPDPS_17_116,7,29
SIGMETRICS_17_001,4,50
SIGMETRICS_17_002,2,38
SIGMETRICS_17_003,0,38
SIGMETRICS_17_004,3,40
SIGMETRICS_17_005,2,29
SIGMETRICS_17_006,2,46
SIGMETRICS_17_007,3,38
SIGMETRICS_17_008,5,48
SIGMETRICS_17_009,1,31
SIGMETRICS_17_010,3,30
SIGMETRICS_17_011,3,27
SIGMETRICS_17_012,5,23
SIGMETRICS_17_013,60,144
SIGMETRICS_17_014,7,34
SIGMETRICS_17_015,41,104
SIGMETRICS_17_016,3,23
SIGMETRICS_17_017,5,54
SIGMETRICS_17_018,1,58
SIGMETRICS_17_019,7,61
SIGMETRICS_17_020,10,31
SIGMETRICS_17_021,7,29
SIGMETRICS_17_022,5,32
SIGMETRICS_17_023,4,47
SIGMETRICS_17_024,11,45
SIGMETRICS_17_025,3,21
SIGMETRICS_17_026,9,25
SIGMETRICS_17_027,4,46
ISC_17_001,8,46
ISC_17_002,2,27
ISC_17_003,4,36
ISC_17_004,4,23
ISC_17_005,5,29
ISC_17_006,6,34
ISC_17_007,3,27
ISC_17_008,9,26
ISC_17_009,13,20
ISC_17_010,1,16
ISC_17_011,0,33
ISC_17_012,2,19
ISC_17_013,5,13
ISC_17_014,7,33
ISC_17_015,7,26
ISC_17_016,9,23
ISC_17_017,2,20
ISC_17_018,4,28
ISC_17_019,6,36
ISC_17_020,0,14
ISC_17_021,1,27
ISC_17_022,3,24
ISCA_17_001,22,60
ISCA_17_002,4,53
ISCA_17_003,6,34
ISCA_17_004,3,74
ISCA_17_005,15,59
ISCA_17_006,11,56
ISCA_17_007,0,49
ISCA_17_008,0,62
ISCA_17_009,7,54
ISCA_17_010,8,46
ISCA_17_011,11,62
ISCA_17_012,1,70
ISCA_17_013,14,63
ISCA_17_014,5,49
ISCA_17_015,5,39
ISCA_17_016,2,48
ISCA_17_017,2,55
ISCA_17_018,4,45
ISCA_17_019,4,51
ISCA_17_020,10,102
ISCA_17_021,9,47
ISCA_17_022,1,31
ISCA_17_023,0,27
ISCA_17_024,4,41
ISCA_17_025,3,53
ISCA_17_026,6,87
ISCA_17_027,1,52
ISCA_17_028,3,68
ISCA_17_029,0,57
ISCA_17_030,14,44
ISCA_17_031,1,47
ISCA_17_032,8,36
ISCA_17_033,14,68
ISCA_17_034,2,40
ISCA_17_035,3,41
ISCA_17_036,3,50
ISCA_17_037,6,61
ISCA_17_038,1,32
ISCA_17_039,1,72
ISCA_17_040,4,67
ISCA_17_041,2,32
ISCA_17_042,2,43
ISCA_17_043,5,57
ISCA_17_044,7,52
ISCA_17_045,6,65
ISCA_17_046,0,41
ISCA_17_047,6,69
ISCA_17_048,5,40
ISCA_17_049,13,71
ISCA_17_050,9,66
ISCA_17_051,2,37
ISCA_17_052,6,42
ISCA_17_053,10,38
ISCA_17_054,3,49
CLOUD_17_001,1,14
CLOUD_17_002,2,27
CLOUD_17_003,2,22
CLOUD_17_004,0,23
CLOUD_17_005,2,17
CLOUD_17_006,0,23
CLOUD_17_007,2,39
CLOUD_17_008,2,14
CLOUD_17_009,2,40
CLOUD_17_010,6,33
CLOUD_17_011,2,10
CLOUD_17_012,11,17
CLOUD_17_013,1,23
CLOUD_17_014,3,23
CLOUD_17_015,2,22
CLOUD_17_016,6,43
CLOUD_17_017,2,36
CLOUD_17_018,1,17
CLOUD_17_019,3,19
CLOUD_17_020,4,29
CLOUD_17_021,8,21
CLOUD_17_022,0,27
CLOUD_17_023,1,13
CLOUD_17_024,7,28
CLOUD_17_025,3,21
CLOUD_17_026,1,31
CLOUD_17_027,0,20
CLOUD_17_028,2,26
CLOUD_17_029,1,14
HPDC_17_001,5,33
HPDC_17_002,7,32
HPDC_17_003,0,46
HPDC_17_004,3,34
HPDC_17_005,11,44
HPDC_17_006,7,46
HPDC_17_007,6,67
HPDC_17_008,1,57
HPDC_17_009,2,26
HPDC_17_010,7,58
HPDC_17_011,8,47
HPDC_17_012,4,45
HPDC_17_013,5,37
HPDC_17_014,8,41
HPDC_17_015,13,40
HPDC_17_016,7,31
HPDC_17_017,4,60
HPDC_17_018,3,38
HPDC_17_019,3,39
HotCloud_17_001,0,30
HotCloud_17_002,0,18
HotCloud_17_003,1,48
HotCloud_17_004,3,31
HotCloud_17_005,0,19
HotCloud_17_006,0,38
HotCloud_17_007,0,50
HotCloud_17_008,1,30
HotCloud_17_009,3,53
HotCloud_17_010,0,21
HotCloud_17_011,1,34
HotCloud_17_012,0,14
HotCloud_17_013,0,62
HotCloud_17_014,1,17
HotCloud_17_015,6,67
HotCloud_17_016,1,32
HotCloud_17_017,0,29
HotCloud_17_018,2,48
HotCloud_17_019,2,20
HotStorage_17_001,3,26
HotStorage_17_002,2,18
HotStorage_17_003,0,26
HotStorage_17_004,0,35
HotStorage_17_005,5,31
HotStorage_17_006,0,21
HotStorage_17_007,6,57
HotStorage_17_008,4,21
HotStorage_17_009,1,30
HotStorage_17_010,6,18
HotStorage_17_011,2,13
HotStorage_17_012,5,14
HotStorage_17_013,6,36
HotStorage_17_014,0,26
HotStorage_17_015,0,14
HotStorage_17_016,0,19
HotStorage_17_017,0,20
HotStorage_17_018,2,21
HotStorage_17_019,1,18
HotStorage_17_020,0,33
HotStorage_17_021,3,23
ATC_17_001,0,52
ATC_17_002,0,14
ATC_17_003,0,50
ATC_17_004,3,51
ATC_17_005,2,48
ATC_17_006,3,38
ATC_17_007,4,44
ATC_17_008,0,28
ATC_17_009,8,46
ATC_17_010,8,41
ATC_17_011,2,30
ATC_17_012,0,48
ATC_17_013,4,31
ATC_17_014,2,38
ATC_17_015,3,37
ATC_17_016,1,30
ATC_17_017,5,30
ATC_17_018,1,68
ATC_17_019,0,38
ATC_17_020,0,23
ATC_17_021,0,45
ATC_17_022,0,89
ATC_17_023,6,47
ATC_17_024,0,31
ATC_17_025,6,53
ATC_17_026,2,30
ATC_17_027,4,64
ATC_17_028,1,49
ATC_17_029,1,41
ATC_17_030,4,24
ATC_17_031,3,38
ATC_17_032,4,36
ATC_17_033,5,41
ATC_17_034,5,49
ATC_17_035,11,52
ATC_17_036,7,51
ATC_17_037,1,28
ATC_17_038,1,56
ATC_17_039,1,42
ATC_17_040,0,38
ATC_17_041,7,42
ATC_17_042,7,56
ATC_17_043,5,39
ATC_17_044,4,35
ATC_17_045,5,39
ATC_17_046,1,42
ATC_17_047,1,39
ATC_17_048,3,37
ATC_17_049,4,57
ATC_17_050,16,80
ATC_17_051,8,95
ATC_17_052,2,50
ATC_17_053,4,57
ATC_17_054,6,47
ATC_17_055,0,30
ATC_17_056,5,53
ATC_17_057,5,42
ATC_17_058,14,46
ATC_17_059,2,29
ATC_17_060,0,26
SPAA_17_001,0,24
SPAA_17_002,2,36
SPAA_17_003,9,39
SPAA_17_004,0,22
SPAA_17_005,10,40
SPAA_17_006,5,24
SPAA_17_007,14,44
SPAA_17_008,2,9
SPAA_17_009,7,36
SPAA_17_010,2,32
SPAA_17_011,0,29
SPAA_17_012,5,21
SPAA_17_013,3,32
SPAA_17_014,0,15
SPAA_17_015,7,29
SPAA_17_016,11,23
SPAA_17_017,2,29
SPAA_17_018,5,27
SPAA_17_019,1,16
SPAA_17_020,4,40
SPAA_17_021,0,23
SPAA_17_022,3,16
SPAA_17_023,4,40
SPAA_17_024,9,60
SPAA_17_025,6,62
SPAA_17_026,24,55
SPAA_17_027,2,17
SPAA_17_028,1,75
SPAA_17_029,6,44
SPAA_17_030,15,53
SPAA_17_031,2,27
PODC_17_001,3,19
PODC_17_002,2,24
PODC_17_003,2,30
PODC_17_004,8,36
PODC_17_005,3,50
PODC_17_006,0,27
PODC_17_007,9,30
PODC_17_008,7,61
PODC_17_009,4,41
PODC_17_010,5,48
PODC_17_011,6,36
PODC_17_012,5,59
PODC_17_013,7,70
PODC_17_014,3,39
PODC_17_015,3,30
PODC_17_016,5,40
PODC_17_017,9,38
PODC_17_018,1,28
PODC_17_019,5,32
PODC_17_020,14,37
PODC_17_021,3,15
PODC_17_022,10,36
PODC_17_023,2,25
PODC_17_024,2,17
PODC_17_025,1,36
PODC_17_026,4,28
PODC_17_027,4,25
PODC_17_028,7,22
PODC_17_029,6,27
PODC_17_030,5,29
PODC_17_031,3,14
PODC_17_032,4,74
PODC_17_033,0,38
PODC_17_034,5,38
PODC_17_035,1,41
PODC_17_036,5,24
PODC_17_037,3,19
PODC_17_038,4,24
ICPP_17_001,4,25
ICPP_17_002,0,30
ICPP_17_003,3,27
ICPP_17_004,1,33
ICPP_17_005,5,35
ICPP_17_006,7,30
ICPP_17_007,3,36
ICPP_17_008,3,32
ICPP_17_009,5,26
ICPP_17_010,3,13
ICPP_17_011,0,20
ICPP_17_012,6,28
ICPP_17_013,1,39
ICPP_17_014,5,22
ICPP_17_015,4,26
ICPP_17_016,5,22
ICPP_17_017,8,23
ICPP_17_018,8,34
ICPP_17_019,1,35
ICPP_17_020,5,28
ICPP_17_021,0,16
ICPP_17_022,1,40
ICPP_17_023,7,37
ICPP_17_024,1,21
ICPP_17_025,0,32
ICPP_17_026,8,29
ICPP_17_027,3,23
ICPP_17_028,2,39
ICPP_17_029,7,21
ICPP_17_030,2,32
ICPP_17_031,5,22
ICPP_17_032,1,24
ICPP_17_033,4,33
ICPP_17_034,0,41
ICPP_17_035,0,28
ICPP_17_036,1,41
ICPP_17_037,6,22
ICPP_17_038,3,20
ICPP_17_039,2,30
ICPP_17_040,9,29
ICPP_17_041,1,23
ICPP_17_042,0,20
ICPP_17_043,3,31
ICPP_17_044,2,25
ICPP_17_045,0,24
ICPP_17_046,11,35
ICPP_17_047,7,26
ICPP_17_048,0,32
ICPP_17_049,4,30
ICPP_17_050,0,23
ICPP_17_051,4,32
ICPP_17_052,3,26
ICPP_17_053,10,26
ICPP_17_054,5,34
ICPP_17_055,2,24
ICPP_17_056,0,27
ICPP_17_057,1,16
ICPP_17_058,0,20
ICPP_17_059,5,34
ICPP_17_060,1,26
SIGCOMM_17_001,5,65
SIGCOMM_17_002,6,31
SIGCOMM_17_003,5,59
SIGCOMM_17_004,6,60
SIGCOMM_17_005,5,50
SIGCOMM_17_006,0,23
SIGCOMM_17_007,7,41
SIGCOMM_17_008,6,40
SIGCOMM_17_009,4,50
SIGCOMM_17_010,11,51
SIGCOMM_17_011,7,46
SIGCOMM_17_012,1,47
SIGCOMM_17_013,1,144
SIGCOMM_17_014,12,33
SIGCOMM_17_015,5,73
SIGCOMM_17_016,12,65
SIGCOMM_17_017,5,46
SIGCOMM_17_018,1,63
SIGCOMM_17_019,5,44
SIGCOMM_17_020,8,33
SIGCOMM_17_021,4,52
SIGCOMM_17_022,1,42
SIGCOMM_17_023,7,70
SIGCOMM_17_024,4,47
SIGCOMM_17_025,6,35
SIGCOMM_17_026,2,33
SIGCOMM_17_027,4,53
SIGCOMM_17_028,5,41
SIGCOMM_17_029,2,41
SIGCOMM_17_030,12,64
SIGCOMM_17_031,20,100
SIGCOMM_17_032,6,35
SIGCOMM_17_033,1,25
SIGCOMM_17_034,0,49
SIGCOMM_17_035,8,54
SIGCOMM_17_036,5,36
EuroPar_17_001,1,12
EuroPar_17_002,8,23
EuroPar_17_003,1,13
EuroPar_17_004,1,12
EuroPar_17_005,0,11
EuroPar_17_006,7,20
EuroPar_17_007,2,19
EuroPar_17_008,2,18
EuroPar_17_009,3,18
EuroPar_17_010,7,20
EuroPar_17_011,0,12
EuroPar_17_012,4,16
EuroPar_17_013,5,28
EuroPar_17_014,4,24
EuroPar_17_015,1,12
EuroPar_17_016,4,23
EuroPar_17_017,2,30
EuroPar_17_018,5,20
EuroPar_17_019,0,19
EuroPar_17_020,3,14
EuroPar_17_021,1,16
EuroPar_17_022,6,29
EuroPar_17_023,4,12
EuroPar_17_024,1,24
EuroPar_17_025,8,16
EuroPar_17_026,8,17
EuroPar_17_027,1,19
EuroPar_17_028,3,15
EuroPar_17_029,2,21
EuroPar_17_030,8,17
EuroPar_17_031,2,16
EuroPar_17_032,1,11
EuroPar_17_033,7,15
EuroPar_17_034,0,9
EuroPar_17_035,6,17
EuroPar_17_036,0,18
EuroPar_17_037,1,16
EuroPar_17_038,6,12
EuroPar_17_039,6,10
EuroPar_17_040,0,11
EuroPar_17_041,1,21
EuroPar_17_042,7,22
EuroPar_17_043,3,20
EuroPar_17_044,2,20
EuroPar_17_045,2,19
EuroPar_17_046,1,17
EuroPar_17_047,2,16
EuroPar_17_048,2,27
EuroPar_17_049,4,15
EuroPar_17_050,2,17
Cluster_17_001,3,35
Cluster_17_002,3,33
Cluster_17_003,6,24
Cluster_17_004,6,29
Cluster_17_005,0,32
Cluster_17_006,11,50
Cluster_17_007,5,26
Cluster_17_008,4,53
Cluster_17_009,6,23
Cluster_17_010,1,21
Cluster_17_011,1,27
Cluster_17_012,3,23
Cluster_17_013,2,34
Cluster_17_014,2,43
Cluster_17_015,1,6
Cluster_17_016,72,132
Cluster_17_017,4,31
Cluster_17_018,7,30
Cluster_17_019,1,11
Cluster_17_020,9,41
Cluster_17_021,14,42
Cluster_17_022,5,35
Cluster_17_023,4,12
Cluster_17_024,2,57
Cluster_17_025,1,25
Cluster_17_026,4,25
Cluster_17_027,10,29
Cluster_17_028,3,81
Cluster_17_029,7,30
Cluster_17_030,2,29
Cluster_17_031,7,49
Cluster_17_032,3,36
Cluster_17_033,3,26
Cluster_17_034,1,24
Cluster_17_035,4,18
Cluster_17_036,2,19
Cluster_17_037,7,40
Cluster_17_038,7,24
Cluster_17_039,4,18
Cluster_17_040,0,21
Cluster_17_041,4,17
Cluster_17_042,8,27
Cluster_17_043,1,10
Cluster_17_044,3,19
Cluster_17_045,6,27
Cluster_17_046,5,38
Cluster_17_047,3,19
Cluster_17_048,3,36
Cluster_17_049,13,54
Cluster_17_050,3,23
Cluster_17_051,0,23
Cluster_17_052,8,29
Cluster_17_053,0,16
Cluster_17_054,11,19
Cluster_17_055,3,41
Cluster_17_056,4,28
Cluster_17_057,3,42
Cluster_17_058,1,36
Cluster_17_059,9,33
Cluster_17_060,6,39
Cluster_17_061,4,20
Cluster_17_062,5,23
Cluster_17_063,9,36
Cluster_17_064,7,28
Cluster_17_065,4,19
PACT_17_001,2,29
PACT_17_002,2,33
PACT_17_003,2,22
PACT_17_004,2,34
PACT_17_005,4,61
PACT_17_006,7,93
PACT_17_007,4,22
PACT_17_008,5,69
PACT_17_009,3,14
PACT_17_010,4,39
PACT_17_011,8,49
PACT_17_012,2,26
PACT_17_013,6,49
PACT_17_014,4,36
PACT_17_015,3,61
PACT_17_016,3,45
PACT_17_017,4,46
PACT_17_018,6,61
PACT_17_019,7,52
PACT_17_020,5,62
PACT_17_021,7,95
PACT_17_022,4,36
PACT_17_023,2,42
PACT_17_024,4,53
PACT_17_025,11,65
MASCOTS_17_001,0,49
MASCOTS_17_002,4,24
MASCOTS_17_003,5,43
MASCOTS_17_004,5,26
MASCOTS_17_005,0,38
MASCOTS_17_006,7,29
MASCOTS_17_007,1,15
MASCOTS_17_008,9,48
MASCOTS_17_009,0,21
MASCOTS_17_010,2,31
MASCOTS_17_011,2,27
MASCOTS_17_012,5,42
MASCOTS_17_013,3,41
MASCOTS_17_014,6,59
MASCOTS_17_015,1,29
MASCOTS_17_016,11,40
MASCOTS_17_017,14,48
MASCOTS_17_018,10,38
MASCOTS_17_019,5,41
MASCOTS_17_020,4,62
SOCC_17_001,7,42
SOCC_17_002,5,29
SOCC_17_003,4,57
SOCC_17_004,11,45
SOCC_17_005,14,78
SOCC_17_006,3,30
SOCC_17_007,7,57
SOCC_17_008,9,84
SOCC_17_009,4,59
SOCC_17_010,3,54
SOCC_17_011,5,70
SOCC_17_012,10,45
SOCC_17_013,2,19
SOCC_17_014,1,57
SOCC_17_015,6,63
SOCC_17_016,2,42
SOCC_17_017,4,16
SOCC_17_018,11,51
SOCC_17_019,0,33
SOCC_17_020,3,47
SOCC_17_021,0,27
SOCC_17_022,10,84
SOCC_17_023,3,37
SOCC_17_024,6,97
SOCC_17_025,5,47
SOCC_17_026,3,54
SOCC_17_027,5,31
SOCC_17_028,2,20
SOCC_17_029,4,67
SOCC_17_030,21,96
SOCC_17_031,2,26
SOCC_17_032,0,25
SOCC_17_033,5,78
SOCC_17_034,1,56
SOCC_17_035,5,57
SOCC_17_036,9,53
SOCC_17_037,8,99
SOCC_17_038,10,51
SOCC_17_039,1,51
SOCC_17_040,1,52
SOCC_17_041,3,34
SOCC_17_042,4,32
SOCC_17_043,2,47
SOCC_17_044,3,26
SOCC_17_045,3,78
IISWC_17_001,0,47
IISWC_17_002,9,60
IISWC_17_003,3,49
IISWC_17_004,5,41
IISWC_17_005,6,45
IISWC_17_006,0,35
IISWC_17_007,2,29
IISWC_17_008,3,37
IISWC_17_009,4,32
IISWC_17_010,0,47
IISWC_17_011,0,6
IISWC_17_012,0,7
IISWC_17_013,0,4
IISWC_17_014,0,19
IISWC_17_015,1,4
IISWC_17_016,0,3
IISWC_17_017,4,8
IISWC_17_018,1,3
IISWC_17_019,3,54
IISWC_17_020,1,15
IISWC_17_021,3,44
IISWC_17_022,12,51
IISWC_17_023,2,40
IISWC_17_024,3,44
IISWC_17_025,4,51
IISWC_17_026,5,36
IISWC_17_027,2,31
IISWC_17_028,1,34
IISWC_17_029,0,24
IISWC_17_030,6,41
IISWC_17_031,1,32
SP_17_001,2,46
SP_17_002,18,81
SP_17_003,0,37
SP_17_004,9,56
SP_17_005,8,56
SP_17_006,6,77
SP_17_007,1,99
SP_17_008,3,30
SP_17_009,3,67
SP_17_010,8,67
SP_17_011,3,42
SP_17_012,6,78
SP_17_013,9,110
SP_17_014,6,45
SP_17_015,3,61
SP_17_016,2,36
SP_17_017,5,55
SP_17_018,2,16
SP_17_019,5,65
SP_17_020,2,88
SP_17_021,0,41
SP_17_022,6,52
SP_17_023,8,49
SP_17_024,1,35
SP_17_025,10,48
SP_17_026,4,48
SP_17_027,15,42
SP_17_028,2,38
SP_17_029,4,38
SP_17_030,6,67
SP_17_031,6,50
SP_17_032,0,50
SP_17_033,11,34
SP_17_034,3,27
SP_17_035,4,60
SP_17_036,2,68
SP_17_037,5,60
SP_17_038,0,48
SP_17_039,7,51
SP_17_040,4,60
SP_17_041,3,45
SP_17_042,4,58
SP_17_043,17,163
SP_17_044,2,65
SP_17_045,3,151
SP_17_046,1,54
SP_17_047,7,54
SP_17_048,0,102
SP_17_049,4,30
SP_17_050,7,46
SP_17_051,1,51
SP_17_052,1,53
SP_17_053,1,48
SP_17_054,2,50
SP_17_055,3,45
SP_17_056,18,73
SP_17_057,8,95
SP_17_058,4,51
SP_17_059,9,32
SP_17_060,12,62
MICRO_17_001,2,61
MICRO_17_002,10,87
MICRO_17_003,1,18
MICRO_17_004,4,37
MICRO_17_005,14,89
MICRO_17_006,1,55
MICRO_17_007,11,45
MICRO_17_008,5,35
MICRO_17_009,4,59
MICRO_17_010,4,49
MICRO_17_011,4,63
MICRO_17_012,5,33
MICRO_17_013,31,119
MICRO_17_014,28,77
MICRO_17_015,2,69
MICRO_17_016,6,43
MICRO_17_017,3,44
MICRO_17_018,15,54
MICRO_17_019,5,64
MICRO_17_020,7,58
MICRO_17_021,5,49
MICRO_17_022,0,41
MICRO_17_023,38,118
MICRO_17_024,9,37
MICRO_17_025,14,97
MICRO_17_026,2,46
MICRO_17_027,3,56
MICRO_17_028,6,94
MICRO_17_029,3,73
MICRO_17_030,5,30
MICRO_17_031,1,42
MICRO_17_032,22,82
MICRO_17_033,2,29
MICRO_17_034,2,75
MICRO_17_035,7,45
MICRO_17_036,8,53
MICRO_17_037,20,102
MICRO_17_038,7,41
MICRO_17_039,8,89
MICRO_17_040,4,60
MICRO_17_041,4,64
MICRO_17_042,0,40
MICRO_17_043,4,40
MICRO_17_044,0,59
MICRO_17_045,11,61
MICRO_17_046,5,51
MICRO_17_047,4,39
MICRO_17_048,3,38
MICRO_17_049,2,54
MICRO_17_050,6,39
MICRO_17_051,0,27
MICRO_17_052,1,54
MICRO_17_053,17,65
MICRO_17_054,7,82
MICRO_17_055,4,52
MICRO_17_056,3,57
MICRO_17_057,8,68
MICRO_17_058,1,34
MICRO_17_059,5,65
MICRO_17_060,0,28
MICRO_17_061,7,60
MobiCom_17_001,11,52
MobiCom_17_002,10,64
MobiCom_17_003,9,77
MobiCom_17_004,6,66
MobiCom_17_005,5,42
MobiCom_17_006,2,27
MobiCom_17_007,7,50
MobiCom_17_008,4,41
MobiCom_17_009,7,19
MobiCom_17_010,2,70
MobiCom_17_011,8,39
MobiCom_17_012,0,70
MobiCom_17_013,8,30
MobiCom_17_014,4,52
MobiCom_17_015,5,45
MobiCom_17_016,7,68
MobiCom_17_017,2,47
MobiCom_17_018,3,43
MobiCom_17_019,4,60
MobiCom_17_020,1,65
MobiCom_17_021,3,24
MobiCom_17_022,14,50
MobiCom_17_023,15,73
MobiCom_17_024,22,93
MobiCom_17_025,9,106
MobiCom_17_026,1,43
MobiCom_17_027,5,41
MobiCom_17_028,2,70
MobiCom_17_029,3,37
MobiCom_17_030,2,45
MobiCom_17_031,2,61
MobiCom_17_032,2,36
MobiCom_17_033,3,80
MobiCom_17_034,3,62
MobiCom_17_035,5,50
IGSC_17_001,3,25
IGSC_17_002,3,34
IGSC_17_003,0,22
IGSC_17_004,9,31
IGSC_17_005,0,20
IGSC_17_006,1,22
IGSC_17_007,2,29
IGSC_17_008,0,19
IGSC_17_009,5,13
IGSC_17_010,7,39
IGSC_17_011,0,22
IGSC_17_012,2,24
IGSC_17_013,0,21
IGSC_17_014,2,15
IGSC_17_015,11,18
IGSC_17_016,1,14
IGSC_17_017,1,30
IGSC_17_018,12,34
IGSC_17_019,6,23
IGSC_17_020,4,31
IGSC_17_021,4,35
IGSC_17_022,1,27
IGSC_17_023,0,17
ICAC_17_001,1,35
ICAC_17_002,4,28
ICAC_17_003,3,37
ICAC_17_004,1,34
ICAC_17_005,3,30
ICAC_17_006,5,33
ICAC_17_007,3,27
ICAC_17_008,2,37
ICAC_17_009,6,33
ICAC_17_010,4,36
ICAC_17_011,12,38
ICAC_17_012,3,31
ICAC_17_013,4,36
ICAC_17_014,3,28
CCS_17_001,18,63
CCS_17_002,8,50
CCS_17_003,4,38
CCS_17_004,4,55
CCS_17_005,8,51
CCS_17_006,7,33
CCS_17_007,14,66
CCS_17_008,1,35
CCS_17_009,1,37
CCS_17_010,3,40
CCS_17_011,12,53
CCS_17_012,1,64
CCS_17_013,0,39
CCS_17_014,3,53
CCS_17_015,5,51
CCS_17_016,9,39
CCS_17_017,7,36
CCS_17_018,4,52
CCS_17_019,15,54
CCS_17_020,2,81
CCS_17_021,1,34
CCS_17_022,4,38
CCS_17_023,4,21
CCS_17_024,13,55
CCS_17_025,4,59
CCS_17_026,22,57
CCS_17_027,4,50
CCS_17_028,2,36
CCS_17_029,5,72
CCS_17_030,4,48
CCS_17_031,1,45
CCS_17_032,5,34
CCS_17_033,4,55
CCS_17_034,11,86
CCS_17_035,15,57
CCS_17_036,12,92
CCS_17_037,4,75
CCS_17_038,1,91
CCS_17_039,1,61
CCS_17_040,4,33
CCS_17_041,15,64
CCS_17_042,2,59
CCS_17_043,8,35
CCS_17_044,8,64
CCS_17_045,1,62
CCS_17_046,5,49
CCS_17_047,6,60
CCS_17_048,6,21
CCS_17_049,6,47
CCS_17_050,8,44
CCS_17_051,14,39
CCS_17_052,16,76
CCS_17_053,10,79
CCS_17_054,3,74
CCS_17_055,6,34
CCS_17_056,4,27
CCS_17_057,5,19
CCS_17_058,3,103
CCS_17_059,5,48
CCS_17_060,0,21
CCS_17_061,2,71
CCS_17_062,10,47
CCS_17_063,6,22
CCS_17_064,5,40
CCS_17_065,5,44
CCS_17_066,5,40
CCS_17_067,4,67
CCS_17_068,2,64
CCS_17_069,2,20
CCS_17_070,9,63
CCS_17_071,1,82
CCS_17_072,6,95
CCS_17_073,3,54
CCS_17_074,8,72
CCS_17_075,6,56
CCS_17_076,2,31
CCS_17_077,4,55
CCS_17_078,16,52
CCS_17_079,2,35
CCS_17_080,10,45
CCS_17_081,4,38
CCS_17_082,5,76
CCS_17_083,2,64
CCS_17_084,5,40
CCS_17_085,5,27
CCS_17_086,3,24
CCS_17_087,3,41
CCS_17_088,3,30
CCS_17_089,5,40
CCS_17_090,4,40
CCS_17_091,1,33
CCS_17_092,2,40
CCS_17_093,7,78
CCS_17_094,0,34
CCS_17_095,15,37
CCS_17_096,5,39
CCS_17_097,6,50
CCS_17_098,9,34
CCS_17_099,2,102
CCS_17_100,14,63
CCS_17_101,2,77
CCS_17_102,1,29
CCS_17_103,4,30
CCS_17_104,12,75
CCS_17_105,9,46
CCS_17_106,3,37
CCS_17_107,7,49
CCS_17_108,2,47
CCS_17_109,5,44
CCS_17_110,0,37
CCS_17_111,6,37
CCS_17_112,6,36
CCS_17_113,10,87
CCS_17_114,11,50
CCS_17_115,4,52
CCS_17_116,13,49
CCS_17_117,14,66
CCS_17_118,7,74
CCS_17_119,3,33
CCS_17_120,8,43
CCS_17_121,1,30
CCS_17_122,3,31
CCS_17_123,6,58
CCS_17_124,7,39
CCS_17_125,1,29
CCS_17_126,4,61
CCS_17_127,8,92
CCS_17_128,14,88
CCS_17_129,11,48
CCS_17_130,7,45
CCS_17_131,1,69
CCS_17_132,8,60
CCS_17_133,2,56
CCS_17_134,3,98
CCS_17_135,1,42
CCS_17_136,2,42
CCS_17_137,4,45
CCS_17_138,4,57
CCS_17_139,4,67
CCS_17_140,7,23
CCS_17_141,2,51
CCS_17_142,6,29
CCS_17_143,3,43
CCS_17_144,8,66
CCS_17_145,3,62
CCS_17_146,1,35
CCS_17_147,7,40
CCS_17_148,2,41
CCS_17_149,8,59
CCS_17_150,5,48
CCS_17_151,7,85
SOSP_17_001,8,90
SOSP_17_002,5,31
SOSP_17_003,4,68
SOSP_17_004,4,54
SOSP_17_005,7,43
SOSP_17_006,7,37
SOSP_17_007,10,67
SOSP_17_008,8,43
SOSP_17_009,21,76
SOSP_17_010,1,27
SOSP_17_011,9,63
SOSP_17_012,6,37
SOSP_17_013,6,49
SOSP_17_014,3,51
SOSP_17_015,11,56
SOSP_17_016,9,72
SOSP_17_017,10,65
SOSP_17_018,9,89
SOSP_17_019,6,83
SOSP_17_020,2,75
SOSP_17_021,1,95
SOSP_17_022,9,50
SOSP_17_023,16,68
SOSP_17_024,8,46
SOSP_17_025,6,78
SOSP_17_026,4,47
SOSP_17_027,8,78
SOSP_17_028,5,54
SOSP_17_029,7,67
SOSP_17_030,3,58
SOSP_17_031,1,48
SOSP_17_032,5,45
SOSP_17_033,5,96
SOSP_17_034,7,38
SOSP_17_035,11,103
SOSP_17_036,5,32
SOSP_17_037,6,52
SOSP_17_038,1,30
SOSP_17_039,2,86
IMC_17_001,14,70
IMC_17_002,8,60
IMC_17_003,6,42
IMC_17_004,8,44
IMC_17_005,5,52
IMC_17_006,5,57
IMC_17_007,11,40
IMC_17_008,2,34
IMC_17_009,7,52
IMC_17_010,5,83
IMC_17_011,9,38
IMC_17_012,1,69
IMC_17_013,4,41
IMC_17_014,5,51
IMC_17_015,10,54
IMC_17_016,4,31
IMC_17_017,4,48
IMC_17_018,5,41
IMC_17_019,15,83
IMC_17_020,3,42
IMC_17_021,4,66
IMC_17_022,4,51
IMC_17_023,7,78
IMC_17_024,3,35
IMC_17_025,2,31
IMC_17_026,0,41
IMC_17_027,7,124
IMC_17_028,13,50
SC_17_001,10,52
SC_17_002,1,36
SC_17_003,14,55
SC_17_004,3,48
SC_17_005,2,49
SC_17_006,13,61
SC_17_007,5,28
SC_17_008,10,30
SC_17_009,2,28
SC_17_010,15,69
SC_17_011,3,52
SC_17_012,5,73
SC_17_013,9,48
SC_17_014,13,37
SC_17_015,1,45
SC_17_016,10,88
SC_17_017,5,23
SC_17_018,9,30
SC_17_019,9,49
SC_17_020,6,40
SC_17_021,6,63
SC_17_022,11,49
SC_17_023,3,38
SC_17_024,1,26
SC_17_025,10,40
SC_17_026,8,64
SC_17_027,10,49
SC_17_028,5,33
SC_17_029,0,40
SC_17_030,0,31
SC_17_031,5,39
SC_17_032,3,21
SC_17_033,14,26
SC_17_034,1,35
SC_17_035,8,30
SC_17_036,10,41
SC_17_037,8,41
SC_17_038,8,29
SC_17_039,3,33
SC_17_040,12,30
SC_17_041,14,54
SC_17_042,8,39
SC_17_043,14,54
SC_17_044,7,43
SC_17_045,5,47
SC_17_046,3,25
SC_17_047,1,19
SC_17_048,0,29
SC_17_049,6,73
SC_17_050,9,48
SC_17_051,13,68
SC_17_052,2,26
SC_17_053,5,27
SC_17_054,3,29
SC_17_055,4,26
SC_17_056,2,21
SC_17_057,10,33
SC_17_058,1,52
SC_17_059,5,40
SC_17_060,8,49
SC_17_061,7,28
Middleware_17_001,3,39
Middleware_17_002,9,34
Middleware_17_003,14,91
Middleware_17_004,3,44
Middleware_17_005,2,54
Middleware_17_006,5,42
Middleware_17_007,7,53
Middleware_17_008,1,48
Middleware_17_009,4,34
Middleware_17_010,1,63
Middleware_17_011,3,50
Middleware_17_012,1,52
Middleware_17_013,4,40
Middleware_17_014,1,47
Middleware_17_015,12,47
Middleware_17_016,7,34
Middleware_17_017,5,44
Middleware_17_018,3,50
Middleware_17_019,2,32
Middleware_17_020,0,33
CoNEXT_17_001,2,55
CoNEXT_17_002,17,56
CoNEXT_17_003,7,27
CoNEXT_17_004,1,31
CoNEXT_17_005,2,41
CoNEXT_17_006,6,37
CoNEXT_17_007,2,50
CoNEXT_17_008,2,30
CoNEXT_17_009,3,23
CoNEXT_17_010,4,28
CoNEXT_17_011,4,66
CoNEXT_17_012,6,43
CoNEXT_17_013,6,49
CoNEXT_17_014,5,48
CoNEXT_17_015,1,52
CoNEXT_17_016,3,48
CoNEXT_17_017,16,65
CoNEXT_17_018,7,33
CoNEXT_17_019,2,35
CoNEXT_17_020,12,89
CoNEXT_17_021,4,44
CoNEXT_17_022,8,101
CoNEXT_17_023,17,61
CoNEXT_17_024,9,54
CoNEXT_17_025,3,31
CoNEXT_17_026,3,57
CoNEXT_17_027,6,84
CoNEXT_17_028,1,43
CoNEXT_17_029,0,60
CoNEXT_17_030,3,34
CoNEXT_17_031,5,53
CoNEXT_17_032,4,41
HiPC_17_001,2,91
HiPC_17_002,3,17
HiPC_17_003,13,45
HiPC_17_004,2,17
HiPC_17_005,2,28
HiPC_17_006,4,24
HiPC_17_007,7,40
HiPC_17_008,5,31
HiPC_17_009,0,22
HiPC_17_010,0,25
HiPC_17_011,3,30
HiPC_17_012,5,30
HiPC_17_013,2,22
HiPC_17_014,0,31
HiPC_17_015,2,22
HiPC_17_016,1,20
HiPC_17_017,4,24
HiPC_17_018,3,23
HiPC_17_019,22,42
HiPC_17_020,2,23
HiPC_17_021,1,29
HiPC_17_022,3,25
HiPC_17_023,4,24
HiPC_17_024,5,15
HiPC_17_025,2,33
HiPC_17_026,5,28
HiPC_17_027,4,29
HiPC_17_028,4,18
HiPC_17_029,4,32
HiPC_17_030,1,22
HiPC_17_031,1,29
HiPC_17_032,9,25
HiPC_17_033,11,33
HiPC_17_034,4,22
HiPC_17_035,4,25
HiPC_17_036,6,23
HiPC_17_037,2,24
HiPC_17_038,3,39
HiPC_17_039,5,26
HiPC_17_040,2,18
HiPC_17_041,10,35
HPCC_17_001,12,31
HPCC_17_002,2,19
HPCC_17_003,1,20
HPCC_17_004,1,20
HPCC_17_005,0,21
HPCC_17_006,0,32
HPCC_17_007,1,24
HPCC_17_008,8,18
HPCC_17_009,0,20
HPCC_17_010,3,22
HPCC_17_011,11,19
HPCC_17_012,2,37
HPCC_17_013,9,32
HPCC_17_014,4,16
HPCC_17_015,2,25
HPCC_17_016,0,12
HPCC_17_017,4,42
HPCC_17_018,2,23
HPCC_17_019,0,26
HPCC_17_020,2,20
HPCC_17_021,3,19
HPCC_17_022,1,29
HPCC_17_023,1,22
HPCC_17_024,1,47
HPCC_17_025,0,30
HPCC_17_026,0,20
HPCC_17_027,5,25
HPCC_17_028,9,38
HPCC_17_029,0,19
HPCC_17_030,9,24
HPCC_17_031,5,29
HPCC_17_032,4,17
HPCC_17_033,3,22
HPCC_17_034,3,16
HPCC_17_035,0,23
HPCC_17_036,0,24
HPCC_17_037,1,25
HPCC_17_038,1,13
HPCC_17_039,5,16
HPCC_17_040,10,22
HPCC_17_041,3,18
HPCC_17_042,0,14
HPCC_17_043,0,35
HPCC_17_044,3,28
HPCC_17_045,4,32
HPCC_17_046,8,30
HPCC_17_047,0,16
HPCC_17_048,2,20
HPCC_17_049,1,26
HPCC_17_050,0,12
HPCC_17_051,2,10
HPCC_17_052,0,30
HPCC_17_053,2,26
HPCC_17_054,6,24
HPCC_17_055,1,22
HPCC_17_056,3,28
HPCC_17_057,0,12
HPCC_17_058,1,24
HPCC_17_059,0,25
HPCC_17_060,2,29
HPCC_17_061,0,9
HPCC_17_062,5,18
HPCC_17_063,6,22
HPCC_17_064,2,34
HPCC_17_065,9,36
HPCC_17_066,1,23
HPCC_17_067,0,12
HPCC_17_068,0,35
HPCC_17_069,2,26
HPCC_17_070,1,23
HPCC_17_071,3,28
HPCC_17_072,3,28
HPCC_17_073,5,20
HPCC_17_074,2,14
HPCC_17_075,2,24
HPCC_17_076,3,24
HPCC_17_077,1,20
ICDM_17_001,11,36
ICDM_17_002,6,21
ICDM_17_003,6,20
ICDM_17_004,10,33
ICDM_17_005,5,32
ICDM_17_006,1,30
ICDM_17_007,7,34
ICDM_17_008,11,37
ICDM_17_009,5,35
ICDM_17_010,0,44
ICDM_17_011,0,42
ICDM_17_012,6,32
ICDM_17_013,2,22
ICDM_17_014,9,39
ICDM_17_015,6,34
ICDM_17_016,10,33
ICDM_17_017,15,69
ICDM_17_018,4,39
ICDM_17_019,3,37
ICDM_17_020,3,33
ICDM_17_021,6,59
ICDM_17_022,13,26
ICDM_17_023,5,32
ICDM_17_024,7,33
ICDM_17_025,0,26
ICDM_17_026,1,32
ICDM_17_027,3,25
ICDM_17_028,9,37
ICDM_17_029,2,42
ICDM_17_030,5,31
ICDM_17_031,5,45
ICDM_17_032,7,27
ICDM_17_033,3,47
ICDM_17_034,5,21
ICDM_17_035,0,27
ICDM_17_036,7,28
ICDM_17_037,3,37
ICDM_17_038,5,26
ICDM_17_039,7,34
ICDM_17_040,9,32
ICDM_17_041,5,32
ICDM_17_042,0,36
ICDM_17_043,1,19
ICDM_17_044,15,31
ICDM_17_045,4,31
ICDM_17_046,10,43
ICDM_17_047,1,33
ICDM_17_048,1,20
ICDM_17_049,7,31
ICDM_17_050,5,27
ICDM_17_051,4,26
ICDM_17_052,0,33
ICDM_17_053,2,38
ICDM_17_054,6,25
ICDM_17_055,2,23
ICDM_17_056,7,36
ICDM_17_057,0,31
ICDM_17_058,4,40
ICDM_17_059,2,28
ICDM_17_060,10,32
ICDM_17_061,2,35
ICDM_17_062,5,33
ICDM_17_063,0,24
ICDM_17_064,0,29
ICDM_17_065,7,27
ICDM_17_066,4,30
ICDM_17_067,0,31
ICDM_17_068,1,47
ICDM_17_069,4,18
ICDM_17_070,1,23
ICDM_17_071,5,21
ICDM_17_072,3,39
KDD_17_001,10,50
KDD_17_002,8,35
KDD_17_003,5,35
KDD_17_004,4,30
KDD_17_005,11,48
KDD_17_006,2,38
KDD_17_007,10,47
KDD_17_008,8,43
KDD_17_009,2,28
KDD_17_010,7,30
KDD_17_011,3,42
KDD_17_012,2,24
KDD_17_013,2,24
KDD_17_014,1,44
KDD_17_015,0,16
KDD_17_016,12,40
KDD_17_017,5,29
KDD_17_018,5,32
KDD_17_019,3,26
KDD_17_020,5,43
KDD_17_021,3,35
KDD_17_022,8,28
KDD_17_023,6,27
KDD_17_024,2,43
KDD_17_025,6,32
KDD_17_026,4,24
KDD_17_027,7,41
KDD_17_028,6,29
KDD_17_029,4,32
KDD_17_030,3,18
KDD_17_031,7,33
KDD_17_032,1,30
KDD_17_033,1,17
KDD_17_034,0,18
KDD_17_035,3,19
KDD_17_036,3,24
KDD_17_037,1,41
KDD_17_038,10,25
KDD_17_039,4,38
KDD_17_040,8,35
KDD_17_041,2,28
KDD_17_042,5,31
KDD_17_043,11,39
KDD_17_044,4,37
KDD_17_045,5,49
KDD_17_046,8,42
KDD_17_047,3,36
KDD_17_048,0,32
KDD_17_049,1,31
KDD_17_050,4,26
KDD_17_051,9,42
KDD_17_052,3,27
KDD_17_053,1,42
KDD_17_054,17,50
KDD_17_055,0,26
KDD_17_056,8,36
KDD_17_057,11,24
KDD_17_058,2,47
KDD_17_059,2,20
KDD_17_060,1,28
KDD_17_061,11,35
KDD_17_062,3,22
KDD_17_063,6,39
KDD_17_064,6,37
SIGIR_17_001,12,32
SIGIR_17_002,7,51
SIGIR_17_003,9,35
SIGIR_17_004,7,30
SIGIR_17_005,0,36
SIGIR_17_006,2,24
SIGIR_17_007,9,47
SIGIR_17_008,0,42
SIGIR_17_009,5,17
SIGIR_17_010,7,54
SIGIR_17_011,3,27
SIGIR_17_012,7,50
SIGIR_17_013,3,29
SIGIR_17_014,3,54
SIGIR_17_015,3,48
SIGIR_17_016,3,37
SIGIR_17_017,8,42
SIGIR_17_018,8,21
SIGIR_17_019,21,36
SIGIR_17_020,17,56
SIGIR_17_021,9,44
SIGIR_17_022,3,25
SIGIR_17_023,6,30
SIGIR_17_024,4,31
SIGIR_17_025,15,41
SIGIR_17_026,4,33
SIGIR_17_027,7,21
SIGIR_17_028,10,37
SIGIR_17_029,3,41
SIGIR_17_030,1,31
SIGIR_17_031,2,36
SIGIR_17_032,18,58
SIGIR_17_033,6,50
SIGIR_17_034,24,46
SIGIR_17_035,10,49
SIGIR_17_036,13,44
SIGIR_17_037,1,29
SIGIR_17_038,0,41
SIGIR_17_039,1,46
SIGIR_17_040,6,43
SIGIR_17_041,6,56
SIGIR_17_042,9,31
SIGIR_17_043,5,39
SIGIR_17_044,14,42
SIGIR_17_045,11,40
SIGIR_17_046,12,44
SIGIR_17_047,1,31
SIGIR_17_048,1,36
SIGIR_17_049,4,44
SIGIR_17_050,11,42
SIGIR_17_051,14,47
SIGIR_17_052,12,51
SIGIR_17_053,5,30
SIGIR_17_054,6,31
SIGIR_17_055,5,39
SIGIR_17_056,3,22
SIGIR_17_057,0,32
SIGIR_17_058,7,42
SIGIR_17_059,21,41
SIGIR_17_060,25,55
SIGIR_17_061,0,28
SIGIR_17_062,2,38
SIGIR_17_063,7,31
SIGIR_17_064,9,36
SIGIR_17_065,7,32
SIGIR_17_066,6,48
SIGIR_17_067,1,41
SIGIR_17_068,2,50
SIGIR_17_069,9,45
SIGIR_17_070,1,36
SIGIR_17_071,1,54
SIGIR_17_072,2,41
SIGIR_17_073,2,35
SIGIR_17_074,11,56
SIGIR_17_075,4,39
SIGIR_17_076,8,24
SIGIR_17_077,10,44
SIGIR_17_078,2,49
OOPSLA_17_001,7,31
OOPSLA_17_002,1,23
OOPSLA_17_003,2,48
OOPSLA_17_004,3,22
OOPSLA_17_005,8,51
OOPSLA_17_006,1,38
OOPSLA_17_007,6,55
OOPSLA_17_008,5,64
OOPSLA_17_009,5,46
OOPSLA_17_010,12,60
OOPSLA_17_011,12,51
OOPSLA_17_012,7,38
OOPSLA_17_013,10,60
OOPSLA_17_014,8,42
OOPSLA_17_015,6,34
OOPSLA_17_016,8,45
OOPSLA_17_017,1,31
OOPSLA_17_018,2,36
OOPSLA_17_019,4,42
OOPSLA_17_020,5,73
OOPSLA_17_021,6,76
OOPSLA_17_022,4,48
OOPSLA_17_023,3,31
OOPSLA_17_024,6,61
OOPSLA_17_025,7,52
OOPSLA_17_026,7,56
OOPSLA_17_027,6,42
OOPSLA_17_028,10,73
OOPSLA_17_029,7,62
OOPSLA_17_030,4,62
OOPSLA_17_031,8,63
OOPSLA_17_032,8,30
OOPSLA_17_033,7,60
OOPSLA_17_034,8,29
OOPSLA_17_035,12,36
OOPSLA_17_036,7,48
OOPSLA_17_037,7,59
OOPSLA_17_038,4,27
OOPSLA_17_039,4,74
OOPSLA_17_040,6,29
OOPSLA_17_041,14,71
OOPSLA_17_042,0,14
OOPSLA_17_043,5,34
OOPSLA_17_044,6,85
OOPSLA_17_045,6,53
OOPSLA_17_046,6,51
OOPSLA_17_047,2,37
OOPSLA_17_048,3,44
OOPSLA_17_049,13,43
OOPSLA_17_050,8,63
OOPSLA_17_051,4,88
OOPSLA_17_052,6,33
OOPSLA_17_053,3,56
OOPSLA_17_054,2,71
OOPSLA_17_055,3,24
OOPSLA_17_056,2,58
OOPSLA_17_057,12,61
OOPSLA_17_058,4,51
OOPSLA_17_059,2,34
OOPSLA_17_060,7,66
OOPSLA_17_061,3,59
OOPSLA_17_062,3,59
OOPSLA_17_063,5,37
OOPSLA_17_064,4,86
OOPSLA_17_065,5,26
OOPSLA_17_066,3,33
PLDI_17_001,5,45
PLDI_17_002,17,64
PLDI_17_003,7,53
PLDI_17_004,1,44
PLDI_17_005,0,25
PLDI_17_006,1,47
PLDI_17_007,8,59
PLDI_17_008,2,43
PLDI_17_009,2,48
PLDI_17_010,2,29
PLDI_17_011,7,27
PLDI_17_012,3,37
PLDI_17_013,9,40
PLDI_17_014,0,25
PLDI_17_015,7,45
PLDI_17_016,4,39
PLDI_17_017,1,51
PLDI_17_018,9,55
PLDI_17_019,5,51
PLDI_17_020,9,25
PLDI_17_021,3,47
PLDI_17_022,9,56
PLDI_17_023,3,42
PLDI_17_024,7,34
PLDI_17_025,4,63
PLDI_17_026,1,15
PLDI_17_027,13,31
PLDI_17_028,2,26
PLDI_17_029,7,25
PLDI_17_030,1,25
PLDI_17_031,5,36
PLDI_17_032,19,62
PLDI_17_033,5,70
PLDI_17_034,7,32
PLDI_17_035,11,64
PLDI_17_036,1,50
PLDI_17_037,4,35
PLDI_17_038,1,45
PLDI_17_039,7,57
PLDI_17_040,2,64
PLDI_17_041,7,49
PLDI_17_042,1,51
PLDI_17_043,12,40
PLDI_17_044,5,49
PLDI_17_045,1,68
PLDI_17_046,7,48
PLDI_17_047,5,27
SLE_17_001,4,22
SLE_17_002,7,51
SLE_17_003,9,29
SLE_17_004,4,17
SLE_17_005,4,26
SLE_17_006,6,23
SLE_17_007,2,19
SLE_17_008,3,21
SLE_17_009,8,27
SLE_17_010,2,15
SLE_17_011,3,20
SLE_17_012,4,35
SLE_17_013,11,39
SLE_17_014,0,10
SLE_17_015,10,34
SLE_17_016,9,54
SLE_17_017,6,39
SLE_17_018,9,29
SLE_17_019,6,19
SLE_17_020,8,34
SLE_17_021,18,69
SLE_17_022,2,7
SLE_17_023,5,33
SLE_17_024,7,38
HotI_17_001,4,19
HotI_17_002,6,38
HotI_17_003,7,29
HotI_17_004,3,12
HotI_17_005,2,11
HotI_17_006,2,30
HotI_17_007,0,19
HotI_17_008,6,32
HotI_17_009,3,19
HotI_17_010,0,18
HotI_17_011,7,34
HotI_17_012,1,23
HotI_17_013,1,36
